model,trial,run_id,parameters,split0_test_ap,split1_test_ap,split2_test_ap,mean_test_ap,std_test_ap,split0_train_ap,split1_train_ap,split2_train_ap,mean_train_ap,std_train_ap,split0_test_roc_auc,split1_test_roc_auc,split2_test_roc_auc,mean_test_roc_auc,std_test_roc_auc,split0_train_roc_auc,split1_train_roc_auc,split2_train_roc_auc,mean_train_roc_auc,std_train_roc_auc,split0_test_recall,split1_test_recall,split2_test_recall,mean_test_recall,std_test_recall,split0_train_recall,split1_train_recall,split2_train_recall,mean_train_recall,std_train_recall,split0_test_f1,split1_test_f1,split2_test_f1,mean_test_f1,std_test_f1,split0_train_f1,split1_train_f1,split2_train_f1,mean_train_f1,std_train_f1
Random Forest,1,b5650237cf0f4543a1b22da46eb1daab,"{""model__class_weight"": ""balanced"", ""model__max_depth"": null, ""model__min_samples_leaf"": 1, ""model__n_estimators"": 160}",0.7164317317994658,0.6610826675542739,0.6577390994258496,0.6784178329265297,0.026914522010725115,0.9999999999999999,1.0,1.0,1.0,6.409875621278546e-17,0.8945163370816906,0.8750700129254632,0.878472259972385,0.8826862033265129,0.008479696132178263,1.0,1.0,1.0,1.0,0.0,0.37327188940092165,0.3886255924170616,0.3883495145631068,0.3834156654603634,0.007173618301500672,1.0,1.0,1.0,1.0,0.0,0.5142857142857142,0.5206349206349207,0.5095541401273885,0.5148249250160077,0.004539749282561308,1.0,1.0,1.0,1.0,0.0
Random Forest,2,b490f69505b2407db8c3b946908c9140,"{""model__class_weight"": ""balanced"", ""model__max_depth"": null, ""model__min_samples_leaf"": 1, ""model__n_estimators"": 280}",0.7266433709544525,0.6616901480457543,0.6593330021778543,0.6825555070593537,0.03118967608344368,1.0,1.0,1.0,1.0,0.0,0.8962275436643747,0.8757055148642825,0.8785266202067864,0.8834865595784812,0.009082553438547998,1.0,1.0,1.0,1.0,0.0,0.3778801843317972,0.38388625592417064,0.4029126213592233,0.3882263538717304,0.010670303448631699,1.0,1.0,1.0,1.0,0.0,0.5141065830721003,0.5110410094637224,0.5253164556962026,0.5168213494106751,0.006135935597711877,1.0,1.0,1.0,1.0,0.0
Random Forest,3,c1ec1318fba542818a76919f9a8fc05d,"{""model__class_weight"": ""balanced"", ""model__max_depth"": null, ""model__min_samples_leaf"": 3, ""model__n_estimators"": 160}",0.6548115917883119,0.5969660668815527,0.6208799738809432,0.6242192108502692,0.023733086125879353,0.9676975090743838,0.9657054401711738,0.9722744338864704,0.9685591277106761,0.0027501163143530427,0.8707544912671251,0.8490198190435158,0.8569238630556977,0.8588993911221129,0.008982428310237333,0.9934969114387001,0.9929702584792105,0.9938320932250928,0.9934330877143345,0.0003547251359822427,0.5483870967741935,0.5402843601895735,0.5679611650485437,0.5522108740041035,0.011618012911806754,0.9520383693045563,0.9621749408983451,0.9602803738317757,0.9581645613448924,0.00440038011833371,0.6230366492146597,0.5601965601965602,0.5693430656934306,0.5841920917015502,0.02771990111806591,0.9136939010356732,0.907469342251951,0.9102990033222591,0.9104874155366277,0.002544655495333404
Random Forest,4,726da63fdc3d4c1298621bc0e263ebb2,"{""model__class_weight"": ""balanced"", ""model__max_depth"": null, ""model__min_samples_leaf"": 3, ""model__n_estimators"": 280}",0.6627847373608534,0.6041456245729707,0.6165474644315568,0.6278259421217937,0.025232775397544416,0.9693179734477022,0.9681668593325072,0.9720764627042696,0.969853765161493,0.0016404377874110554,0.8735371524274167,0.8514971994829815,0.8581089161656466,0.8610477560253482,0.009234625646227998,0.993912146086853,0.9934672572181094,0.9937024375271218,0.993693946944028,0.00018172432213648318,0.5622119815668203,0.5402843601895735,0.5679611650485437,0.5568191689349792,0.011925133202945443,0.9568345323741008,0.966903073286052,0.9579439252336449,0.9605605102979325,0.004507679896421114,0.6337662337662338,0.5615763546798029,0.5707317073170731,0.5886914319210366,0.03209110407902304,0.9182968929804373,0.910913140311804,0.9060773480662984,0.9117624604528465,0.005024627880327712
Random Forest,5,aa63aaa3acd748b4ab73612c6fb2c1df,"{""model__class_weight"": ""balanced"", ""model__max_depth"": 10, ""model__min_samples_leaf"": 1, ""model__n_estimators"": 160}",0.6818891897226128,0.6204798056276709,0.6115894231108796,0.6379861394870544,0.03125559246293041,0.9929272521623235,0.9870558272298582,0.9904661151310702,0.9901497315077505,0.002407416545070997,0.8806888516711571,0.850441619991383,0.8639580773872296,0.8650295163499232,0.012371600331958279,0.9982132737126712,0.996858542730596,0.9975656481197278,0.9975458215209984,0.0005532442673066287,0.45161290322580644,0.4834123222748815,0.5097087378640777,0.48157798778825517,0.023752965959867815,0.947242206235012,0.950354609929078,0.9392523364485982,0.9456163842042294,0.004676009129280735,0.5697674418604651,0.5454545454545454,0.5555555555555556,0.556925847623522,0.009972880164890341,0.9518072289156626,0.9381563593932322,0.9458823529411765,0.9452819804166904,0.005589090269189518
Random Forest,6,563ed8e87f074b27b89fe399fe648a02,"{""model__class_weight"": ""balanced"", ""model__max_depth"": 10, ""model__min_samples_leaf"": 1, ""model__n_estimators"": 280}",0.6838743533888053,0.6254954833214171,0.6224310804027277,0.64393363903765,0.02827004467007972,0.9933218743537408,0.9887728291254492,0.990545571039582,0.9908800915062573,0.0018721433490750852,0.8814066222134379,0.8536406721240845,0.8665619326150534,0.8672030756508585,0.011344463976918077,0.9983147154019593,0.9972864400405573,0.9975987235528837,0.9977332929984667,0.0004304410578929227,0.4792626728110599,0.47393364928909953,0.5242718446601942,0.49248938892011784,0.022578647620806604,0.9544364508393285,0.950354609929078,0.9252336448598131,0.9433415685427399,0.012912217247867085,0.5909090909090909,0.5376344086021505,0.5684210526315789,0.5656548507142735,0.021837076246784756,0.9567307692307693,0.9425556858147714,0.9372781065088758,0.9455215205181388,0.008213754860342901
Random Forest,7,feb5bde397b2444c8f2f6871716e0269,"{""model__class_weight"": ""balanced"", ""model__max_depth"": 10, ""model__min_samples_leaf"": 3, ""model__n_estimators"": 160}",0.6499936218138913,0.5900257293225792,0.6037618487747557,0.614593733303742,0.02565195670638482,0.9376952822159424,0.9346752639133676,0.9343757577095466,0.9355821012796189,0.0014992389722261914,0.8691941205230362,0.8418461869883671,0.8526239685145522,0.8545547586753185,0.011247913292039375,0.9857886956086569,0.9848734314307849,0.983435823075539,0.9846993167049937,0.0009684142510923645,0.5483870967741935,0.5450236966824644,0.587378640776699,0.5602631447444523,0.019222655190345064,0.9088729016786571,0.9148936170212766,0.8855140186915887,0.9030935124638408,0.012671258929185638,0.616580310880829,0.548926014319809,0.5721040189125296,0.5792034480377226,0.028072256544131934,0.8672768878718535,0.8580931263858093,0.8394241417497231,0.8549313853357954,0.011588538058112134
Random Forest,8,7fd4eed5f44d484baabe99feff745206,"{""model__class_weight"": ""balanced"", ""model__max_depth"": 10, ""model__min_samples_leaf"": 3, ""model__n_estimators"": 280}",0.6541785830569502,0.5888061293362818,0.6056200786871154,0.6162015970267825,0.027717212752424735,0.9410439051286971,0.9385442387642497,0.9353134575772998,0.9383005338234156,0.002345783644253245,0.8701407454411167,0.8430148642826368,0.8525152480457496,0.8552236192565011,0.011238470035771901,0.9865569473355326,0.9856840443471708,0.9837043955927647,0.9853151290918226,0.0011934087621915802,0.543778801843318,0.5450236966824644,0.5728155339805825,0.5538726775021215,0.013404260503357596,0.9064748201438849,0.9196217494089834,0.8808411214953271,0.9023125636827318,0.016103365269008692,0.6066838046272494,0.5542168674698795,0.5645933014354066,0.5751646578441786,0.02268641378901787,0.8689655172413793,0.8663697104677061,0.8452914798206278,0.8602089025099043,0.010601310546955019
Gradient Boosting,1,aba1482c07884c96a3dabd9f14db72cb,"{""model__learning_rate"": 0.05, ""model__max_depth"": 2, ""model__min_samples_leaf"": 5, ""model__n_estimators"": 120}",0.6099264277264614,0.5324068915523342,0.5324595149292402,0.5582642780693453,0.036530662670334446,0.6252694071569022,0.6489795676417499,0.6324542853780601,0.6355677533922374,0.009926838699901314,0.8133328478846574,0.7893364928909954,0.7879380075886888,0.7968691161214472,0.011655607748015391,0.8372949694390004,0.8463881879080474,0.8406822535747929,0.8414551369739468,0.0037523030344016883,0.2073732718894009,0.27488151658767773,0.28640776699029125,0.25622085182245663,0.03485951004697893,0.2446043165467626,0.2907801418439716,0.3107476635514019,0.2820440406473787,0.027700483585813264,0.3284671532846715,0.4,0.4054982817869416,0.37798847835720445,0.03508873516630617,0.37777777777777777,0.43006993006993005,0.4455611390284757,0.4178029489587278,0.029000059020601997
Gradient Boosting,2,b287d648e37b4a73a2bf5a45e29871bc,"{""model__learning_rate"": 0.05, ""model__max_depth"": 2, ""model__min_samples_leaf"": 5, ""model__n_estimators"": 200}",0.6163896675535956,0.528529479199851,0.5513664790412218,0.5654285419315561,0.03722149364670593,0.66206982026454,0.6778723502914573,0.6603743934619654,0.6667721880059876,0.00787945937585171,0.8144251074055195,0.7935103403705299,0.7989840072190392,0.8023064849983629,0.008855733132743142,0.8566290791393958,0.8631944527499047,0.8599989680464855,0.8599408333119287,0.0026806177642368415,0.271889400921659,0.3080568720379147,0.32524271844660196,0.30172966380205857,0.022236146185498087,0.2997601918465228,0.3475177304964539,0.352803738317757,0.33336055355357797,0.02385684667351521,0.4083044982698962,0.42483660130718953,0.44224422442244227,0.425128441333176,0.013857371823402182,0.4416961130742049,0.4883720930232558,0.4863123993558776,0.4721268684844461,0.021534216813083033
Gradient Boosting,3,a15adf847e0e475b82c8d20e3d98ecfd,"{""model__learning_rate"": 0.05, ""model__max_depth"": 3, ""model__min_samples_leaf"": 5, ""model__n_estimators"": 120}",0.6316210671811773,0.5666666171819119,0.5575547180797777,0.585280800814289,0.03297799156536055,0.7411853402573159,0.7594500864405757,0.731314354103255,0.7439832602670489,0.011655503015742863,0.8269288783014843,0.8023185049547608,0.8033572880766263,0.8108682237776238,0.011364513052910778,0.8906722337865749,0.8998740227795518,0.8822891639588912,0.8909451401750058,0.007181581690142054,0.3087557603686636,0.3222748815165877,0.35436893203883496,0.32846652464136206,0.01912925666601738,0.37889688249400477,0.40425531914893614,0.40420560747663553,0.39578593637319215,0.011942381770070306,0.44666666666666666,0.4473684210526316,0.4634920634920635,0.45250905040378725,0.007771445475906911,0.5328836424957841,0.5542949756888168,0.543171114599686,0.5434499109280957,0.008743362923586353
Gradient Boosting,4,44727627b25e43f185f112c7cfae795c,"{""model__learning_rate"": 0.05, ""model__max_depth"": 3, ""model__min_samples_leaf"": 5, ""model__n_estimators"": 200}",0.6481596850768997,0.5749789240486336,0.580476947656855,0.6012051855941294,0.03327762844271654,0.7888622490328143,0.815426913637004,0.7791560081972835,0.7944817236223672,0.01533141690236666,0.8308298051617065,0.809925678586816,0.81781439241566,0.8195232920547276,0.00861919874261579,0.9162855840539074,0.9242701493786851,0.9064666440871709,0.9156741258399211,0.007281099322988343,0.35023041474654376,0.35071090047393366,0.3786407766990291,0.35986069730650216,0.013280970173541982,0.49160671462829736,0.508274231678487,0.4883177570093458,0.49606623443871006,0.008736158881705976,0.48253968253968255,0.46540880503144655,0.4875,0.4784828291903764,0.009463923362185924,0.6396255850234009,0.6534954407294833,0.6314199395770392,0.6415136551099745,0.009110636431181233
Gradient Boosting,5,99900f22a55a4800b1ed116e25f530df,"{""model__learning_rate"": 0.1, ""model__max_depth"": 2, ""model__min_samples_leaf"": 5, ""model__n_estimators"": 120}",0.6155321971920997,0.5332191593389283,0.5587961686487035,0.5691825083932439,0.034397345732107225,0.6774630491501987,0.6956373273702684,0.6776504198887205,0.6835835988030626,0.00852361645575864,0.8166668400411938,0.7935695820766911,0.8023081355526804,0.8041815192235218,0.009522009807224768,0.8655829989138976,0.8706540848911054,0.867948979159831,0.868062020988278,0.0020718047025548338,0.2857142857142857,0.32701421800947866,0.32524271844660196,0.31265707405678883,0.019065150325957007,0.3405275779376499,0.3640661938534279,0.37616822429906543,0.3602539986967144,0.014797827367545627,0.4217687074829932,0.4437299035369775,0.4364820846905538,0.43399356523684146,0.009136668971202872,0.4905008635578584,0.5074135090609555,0.5078864353312302,0.5019336026500146,0.008086472538598793
Gradient Boosting,6,9d52399a2c814c699a94a341de92db3e,"{""model__learning_rate"": 0.1, ""model__max_depth"": 2, ""model__min_samples_leaf"": 5, ""model__n_estimators"": 200}",0.6191473546471341,0.5414159105019496,0.5650315961949838,0.5751982871146892,0.0325378298335604,0.7205551461037735,0.7485193767209625,0.7315020601774062,0.7335255276673807,0.011505661331566898,0.8215455992343781,0.7927994398965963,0.8073391752465237,0.807228071459166,0.011735833366431171,0.8880401600885113,0.8992301835041601,0.8913511711349371,0.8928738382425362,0.004693473649733571,0.31336405529953915,0.3744075829383886,0.3737864077669903,0.3538526820016394,0.028630905606994068,0.4028776978417266,0.4444444444444444,0.42990654205607476,0.4257428947807486,0.01722305769907764,0.4459016393442623,0.4817073170731707,0.4723926380368098,0.4666671981514143,0.01516788571989233,0.5517241379310345,0.5820433436532507,0.5626911314984709,0.5654862043609187,0.012534562434493184
Gradient Boosting,7,ddea1a5c4e2844438a31547a63430cdd,"{""model__learning_rate"": 0.1, ""model__max_depth"": 3, ""model__min_samples_leaf"": 5, ""model__n_estimators"": 120}",0.6544305842786027,0.5644282989237677,0.5796873276931119,0.5995154036318274,0.039327405956041124,0.8103316539991758,0.8388910137062872,0.8086353864960336,0.8192860180671655,0.013880110983418863,0.8332145717822556,0.8071493968117192,0.8209700040226574,0.8204446575388773,0.010647545202445628,0.924928415981259,0.9355662396995682,0.9195195330278045,0.9266713962362104,0.0066659674906332745,0.3778801843317972,0.36492890995260663,0.38349514563106796,0.37543474663849064,0.007774376757482501,0.5203836930455635,0.557919621749409,0.5186915887850467,0.5323316345266731,0.018106621657840855,0.5125,0.46808510638297873,0.4817073170731707,0.48743080781871645,0.018578472371512663,0.6636085626911316,0.6920821114369502,0.6577777777777778,0.6711561506352867,0.014987136479461803
Gradient Boosting,8,6638456cc5414abca877c74e2c6d97ca,"{""model__learning_rate"": 0.1, ""model__max_depth"": 3, ""model__min_samples_leaf"": 5, ""model__n_estimators"": 200}",0.6610709532687484,0.5703026608272475,0.5838437257739579,0.6050724466233179,0.03998095104639625,0.8880090715231617,0.902208672634366,0.8783564627142406,0.8895247356239228,0.009796424782139787,0.8349127752754053,0.8164099526066351,0.8217799715152373,0.8243675664657593,0.007772187482683124,0.960303838147756,0.9614095096854955,0.9519374265725384,0.9578835914685966,0.00422873386217657,0.3778801843317972,0.4028436018957346,0.4029126213592233,0.39454546919558503,0.011784169624683833,0.6091127098321343,0.6619385342789598,0.5887850467289719,0.6199454302800219,0.030831467252447568,0.5093167701863354,0.4913294797687861,0.5,0.5002154166517071,0.0073448602161279835,0.7394468704512372,0.7810320781032078,0.7272727272727273,0.7492505586090573,0.023015953547492675
