feature,mean_ap_decrease,std_ap_decrease
Passport,0.3285316340291914,0.018496908226443825
Designation,0.19081993340324163,0.023740065513021325
MaritalStatus,0.11809885568561389,0.014898417528784747
Age,0.10590518093322936,0.006386959840207252
PreferredPropertyStar,0.09444691752632584,0.010620673735034909
CityTier,0.09209562062208869,0.01066875861026949
MonthlyIncome,0.08723819640854188,0.011875259692220076
Occupation,0.07966036543526152,0.006653258704887598
NumberOfPersonVisiting,0.0513261286033035,0.004045551033765379
NumberOfTrips,0.04020467450882308,0.00582353928317346
Gender,0.03751515091500783,0.004429755055544216
OwnCar,0.011678335959195518,0.00511762488669483
NumberOfChildrenVisiting,-0.011375500494361623,0.00399039673787369
