threshold,average_precision,roc_auc,accuracy,balanced_accuracy,precision,recall,f1,f2,brier_score
0.1,0.6801999872533558,0.8836369665311429,0.6207105982386881,0.7435155646616515,0.33020430701270015,0.943217665615142,0.48916155419222906,0.6878306878306878,0.09972200229924949
0.11,0.6801999872533558,0.8836369665311429,0.6522927421803826,0.7558645538098689,0.3481877599524658,0.9242902208201893,0.5058264997842037,0.6944773643043375,0.09972200229924949
0.12000000000000001,0.6801999872533558,0.8836369665311429,0.6832675372001215,0.7720416821389887,0.36982813494589434,0.916403785488959,0.526984126984127,0.7073289505721938,0.09972200229924949
0.13,0.6801999872533558,0.8836369665311429,0.7057394473124811,0.7781488498676598,0.38613188307273966,0.8958990536277602,0.539667458432304,0.7087596705764911,0.09972200229924949
0.14,0.6801999872533558,0.8836369665311429,0.7273003340419071,0.7866949103277601,0.4046242774566474,0.8832807570977917,0.5550049554013875,0.7142857142857143,0.09972200229924949
0.15000000000000002,0.6801999872533558,0.8836369665311429,0.7470391740054662,0.7935121241708714,0.4235203689469639,0.8690851735015773,0.5695090439276486,0.7180088610893928,0.09972200229924949
0.16,0.6801999872533558,0.8836369665311429,0.7573641056787124,0.7981036963921115,0.4345757335448057,0.8643533123028391,0.5783641160949868,0.7216223334211219,0.09972200229924949
0.17,0.6801999872533558,0.8836369665311429,0.7722441542666262,0.8031134661995509,0.4515859766277129,0.8533123028391167,0.5906113537117904,0.7244242099625067,0.09972200229924949
0.18,0.6801999872533558,0.8836369665311429,0.7816580625569389,0.8059397107377717,0.46326707000864303,0.8454258675078864,0.5985482970407594,0.7256972650961279,0.09972200229924949
0.19,0.6801999872533558,0.8836369665311429,0.7953234133009414,0.8113985239108177,0.48185117967332125,0.8375394321766562,0.6117511520737328,0.7297965915338098,0.09972200229924949
0.2,0.6801999872533558,0.8836369665311429,0.801396902520498,0.809753909999134,0.4906015037593985,0.8233438485804416,0.6148409893992933,0.725,0.09972200229924949
0.21000000000000002,0.6801999872533558,0.8836369665311429,0.8077740662010325,0.8076967337878735,0.5004887585532747,0.807570977917981,0.6179843089921545,0.7193031750491711,0.09972200229924949
0.22,0.6801999872533558,0.8836369665311429,0.8132402064986335,0.8002706123954951,0.5098039215686274,0.7791798107255521,0.6163443543356207,0.7047075606276747,0.09972200229924949
0.23,0.6801999872533558,0.8836369665311429,0.8196173701791679,0.8006158478496339,0.5213675213675214,0.7697160883280757,0.621656050955414,0.7027649769585254,0.09972200229924949
0.24000000000000002,0.6801999872533558,0.8836369665311429,0.8275129061645916,0.7994988747222397,0.5370786516853933,0.7539432176656151,0.6272965879265092,0.6976065382370111,0.09972200229924949
0.25,0.6801999872533558,0.8836369665311429,0.8311569996963255,0.7987523475417693,0.5449308755760369,0.7460567823343849,0.62982689747004,0.6947708578143361,0.09972200229924949
0.26,0.6801999872533558,0.8836369665311429,0.8348010932280595,0.79500280577955,0.5538277511961722,0.7302839116719243,0.6299319727891156,0.6865361803084223,0.09972200229924949
0.27,0.6801999872533558,0.8836369665311429,0.8399635590646827,0.7897910554357974,0.5676359039190898,0.7082018927444795,0.6301754385964913,0.6747820859633303,0.09972200229924949
0.28,0.6801999872533558,0.8836369665311429,0.8493774673549954,0.7920166970576685,0.5922459893048129,0.6987381703470031,0.6410998552821997,0.6744823386114495,0.09972200229924949
0.29000000000000004,0.6801999872533558,0.8836369665311429,0.8505921651989068,0.7855616245285637,0.5986111111111111,0.6798107255520505,0.6366322008862629,0.6618550368550369,0.09972200229924949
0.30000000000000004,0.6801999872533558,0.8836369665311429,0.8536289098086851,0.7826372073654976,0.6095100864553314,0.667192429022082,0.6370481927710844,0.6547987616099071,0.09972200229924949
0.31,0.6801999872533558,0.8836369665311429,0.8578803522623747,0.7834679672512732,0.6231454005934718,0.6624605678233438,0.6422018348623854,0.6542056074766355,0.09972200229924949
0.32,0.6801999872533558,0.8836369665311429,0.8603097479501974,0.7783656601056113,0.6350931677018633,0.6451104100946372,0.6400625978090767,0.6430817610062893,0.09972200229924949
0.33,0.6801999872533558,0.8836369665311429,0.8627391436380201,0.7744645587926486,0.6472491909385113,0.6309148264984227,0.6389776357827476,0.6341154090044389,0.09972200229924949
0.33999999999999997,0.6801999872533558,0.8836369665311429,0.8660795627087762,0.7735299909954052,0.661641541038526,0.6230283911671924,0.6417546709991877,0.6303862112990744,0.09972200229924949
0.35,0.6801999872533558,0.8836369665311429,0.8657758882477984,0.7709395387132327,0.6627118644067796,0.6167192429022083,0.6388888888888888,0.6253998720409469,0.09972200229924949
0.36,0.6801999872533558,0.8836369665311429,0.8654722137868205,0.7641448660166117,0.6678383128295254,0.5993690851735016,0.6317539484621779,0.6119162640901772,0.09972200229924949
0.37,0.6801999872533558,0.8836369665311429,0.8666869116307319,0.7612934109856058,0.6763110307414105,0.5899053627760252,0.6301600673967986,0.6053739074134024,0.09972200229924949
0.38,0.6801999872533558,0.8836369665311429,0.8691163073185545,0.757992912588993,0.6918714555765595,0.5772870662460567,0.6294067067927773,0.5970636215334421,0.09972200229924949
0.39,0.6801999872533558,0.8836369665311429,0.8685089583965988,0.7510101992755986,0.6974459724950884,0.5599369085173501,0.621172353455818,0.5829228243021346,0.09972200229924949
0.4,0.6801999872533558,0.8836369665311429,0.8691163073185545,0.7471820600946966,0.7058823529411765,0.5488958990536278,0.6175687666370896,0.5744470122152525,0.09972200229924949
0.41000000000000003,0.6801999872533558,0.8836369665311429,0.870027330701488,0.7435419615305676,0.7163865546218487,0.5378548895899053,0.6144144144144145,0.5660690571049137,0.09972200229924949
0.42000000000000004,0.6801999872533558,0.8836369665311429,0.8691163073185545,0.7339687959350009,0.7260579064587973,0.5141955835962145,0.6020313942751616,0.5460636515912898,0.09972200229924949
0.43000000000000005,0.6801999872533558,0.8836369665311429,0.8685089583965988,0.7287878913706559,0.7310344827586207,0.501577287066246,0.5949485500467727,0.5351733423089868,0.09972200229924949
0.44000000000000006,0.6801999872533558,0.8836369665311429,0.8685089583965988,0.7239830680398575,0.7398568019093079,0.4889589905362776,0.5887939221272555,0.5245346869712352,0.09972200229924949
0.45000000000000007,0.6801999872533558,0.8836369665311429,0.8657758882477984,0.7138822616600011,0.74,0.4668769716088328,0.5725338491295938,0.5040871934604905,0.09972200229924949
0.45999999999999996,0.6801999872533558,0.8836369665311429,0.864561190403887,0.70772467294576,0.7435233160621761,0.4526813880126183,0.5627450980392157,0.49110198494182067,0.09972200229924949
0.47,0.6801999872533558,0.8836369665311429,0.8624354691770422,0.6973993448831004,0.7493112947658402,0.42902208201892744,0.5456369107321966,0.469127285270783,0.09972200229924949
0.48,0.6801999872533558,0.8836369665311429,0.8606134224111752,0.6890638661862634,0.7536231884057971,0.41009463722397477,0.5311542390194075,0.45123221103783406,0.09972200229924949
0.49,0.6801999872533558,0.8836369665311429,0.8618281202550866,0.6874136169879571,0.7687687687687688,0.4037854889589905,0.5294725956566702,0.44614848379226213,0.09972200229924949
0.5,0.6801999872533558,0.8836369665311429,0.8603097479501974,0.6810679876569428,0.771875,0.38958990536277605,0.5178197064989518,0.4324229691876751,0.09972200229924949
0.51,0.6801999872533558,0.8836369665311429,0.8603097479501974,0.6774643701588439,0.7824675324675324,0.3801261829652997,0.5116772823779193,0.4236990154711674,0.09972200229924949
0.52,0.6801999872533558,0.8836369665311429,0.8578803522623747,0.6651491927303617,0.7964285714285714,0.35173501577287064,0.487964989059081,0.39595170454545453,0.09972200229924949
0.53,0.6801999872533558,0.8836369665311429,0.8563619799574855,0.6576023575666476,0.8060836501901141,0.334384858044164,0.47268673355629875,0.37870668095748483,0.09972200229924949
0.54,0.6801999872533558,0.8836369665311429,0.8560583054965077,0.6538106994517756,0.8174603174603174,0.3249211356466877,0.4650112866817156,0.36944045911047346,0.09972200229924949
0.55,0.6801999872533558,0.8836369665311429,0.8560583054965077,0.652609493619076,0.8225806451612904,0.3217665615141956,0.46258503401360546,0.36637931034482757,0.09972200229924949
0.56,0.6801999872533558,0.8836369665311429,0.8533252353477072,0.6425086872392197,0.8296943231441049,0.2996845425867508,0.440324449594438,0.3435804701627486,0.09972200229924949
0.5700000000000001,0.6801999872533558,0.8836369665311429,0.8511995141208625,0.6357869766746589,0.8302752293577982,0.2854889589905363,0.42488262910798125,0.3286129266521423,0.09972200229924949
0.58,0.6801999872533558,0.8836369665311429,0.8508958396598846,0.6331965243924864,0.8388625592417062,0.27917981072555204,0.41893491124260357,0.3221696396068438,0.09972200229924949
0.59,0.6801999872533558,0.8836369665311429,0.8481627695110842,0.6242969238453298,0.8418367346938775,0.26025236593059936,0.39759036144578314,0.3019765739385066,0.09972200229924949
0.6,0.6801999872533558,0.8836369665311429,0.8460370482842393,0.6169746103644191,0.8469945355191257,0.2444794952681388,0.379436964504284,0.285031261493196,0.09972200229924949
0.61,0.6801999872533558,0.8836369665311429,0.8436076525964167,0.610665462099435,0.84,0.23186119873817035,0.36341161928306553,0.2711176687569163,0.09972200229924949
0.62,0.6801999872533558,0.8836369665311429,0.843000303674461,0.6066857633677897,0.8545454545454545,0.222397476340694,0.35294117647058826,0.26101443909663086,0.09972200229924949
0.63,0.6801999872533558,0.8836369665311429,0.8405709079866384,0.598574806353756,0.8609271523178808,0.20504731861198738,0.33121019108280253,0.24190547078526237,0.09972200229924949
0.64,0.6801999872533558,0.8836369665311429,0.83753416337686,0.5906883710225257,0.851063829787234,0.1892744479495268,0.3096774193548387,0.22413149047441167,0.09972200229924949
0.65,0.6801999872533558,0.8836369665311429,0.8344974187670817,0.5828019356912955,0.8396946564885496,0.17350157728706625,0.2875816993464052,0.20622422197225346,0.09972200229924949
0.66,0.6801999872533558,0.8836369665311429,0.8329790464621926,0.5758557034439312,0.8620689655172413,0.15772870662460567,0.26666666666666666,0.1885369532428356,0.09972200229924949
0.67,0.6801999872533558,0.8836369665311429,0.8320680230792591,0.5704867582628131,0.8932038834951457,0.14511041009463724,0.2496607869742198,0.17430845017051913,0.09972200229924949
0.6799999999999999,0.6801999872533558,0.8836369665311429,0.8311569996963255,0.5669196218307444,0.90625,0.13722397476340695,0.23835616438356164,0.16527355623100304,0.09972200229924949
0.69,0.6801999872533558,0.8836369665311429,0.8293349529304586,0.5615871577156565,0.9090909090909091,0.12618296529968454,0.22160664819944598,0.1524390243902439,0.09972200229924949
0.7,0.6801999872533558,0.8836369665311429,0.8287276040085029,0.5600098706494104,0.9069767441860465,0.12302839116719243,0.21666666666666667,0.14874141876430205,0.09972200229924949
0.71,0.6801999872533558,0.8836369665311429,0.826601882781658,0.5538887630011995,0.9090909090909091,0.11041009463722397,0.19690576652601968,0.13394565633371602,0.09972200229924949
0.72,0.6801999872533558,0.8836369665311429,0.8244761615548133,0.5483682582693382,0.9,0.09936908517350158,0.17897727272727273,0.12087490406753645,0.09972200229924949
0.73,0.6801999872533558,0.8836369665311429,0.8226541147889462,0.5436363970706001,0.890625,0.08990536277602523,0.16332378223495703,0.10961538461538461,0.09972200229924949
0.74,0.6801999872533558,0.8836369665311429,0.821439416945035,0.5398812200217581,0.896551724137931,0.08201892744479496,0.15028901734104047,0.1002313030069391,0.09972200229924949
0.75,0.6801999872533558,0.8836369665311429,0.8205283935621014,0.5369146865060392,0.9056603773584906,0.07570977917981073,0.13973799126637554,0.09269988412514485,0.09972200229924949
0.76,0.6801999872533558,0.8836369665311429,0.8184026723352567,0.5313941817741781,0.8913043478260869,0.06466876971608833,0.12058823529411765,0.07939581719597212,0.09972200229924949
0.77,0.6801999872533558,0.8836369665311429,0.817795323413301,0.5292162917915822,0.9047619047619048,0.05993690851735016,0.11242603550295859,0.07370054305663305,0.09972200229924949
0.78,0.6801999872533558,0.8836369665311429,0.8174916489523231,0.5278270453421093,0.9230769230769231,0.056782334384858045,0.10698365527488855,0.06990291262135923,0.09972200229924949
0.79,0.6801999872533558,0.8836369665311429,0.8162769511084118,0.5246724712096172,0.9142857142857143,0.050473186119873815,0.09566517189835576,0.062232594321275765,0.09972200229924949
0.8,0.6801999872533558,0.8836369665311429,0.8144549043425447,0.5193400070945293,0.9259259259259259,0.03943217665615142,0.07564296520423601,0.048770971517752636,0.09972200229924949
